{"cameraMode":{"drawMode":0,"name":"Shaded","section":"Shading Mode"},"sceneLighting":true,"audioPlay":false,"sceneViewState":{"showFog":true,"showMaterialUpdate":false,"showSkybox":true,"showFlares":true,"showImageEffects":true,"showParticleSystems":true},"in2DMode":false,"pivot":{"x":19.53933334350586,"y":14.17509651184082,"z":-171.90731811523438},"rotation":{"x":-0.09432145208120346,"y":-0.4631146490573883,"z":-0.04964578151702881,"w":0.8798805475234985},"size":7.404054164886475,"orthographic":false}