{"cameraMode":{"drawMode":0,"name":"Shaded","section":"Shading Mode"},"sceneLighting":true,"audioPlay":false,"sceneViewState":{"showFog":true,"showMaterialUpdate":false,"showSkybox":true,"showFlares":true,"showImageEffects":true,"showParticleSystems":true},"in2DMode":false,"pivot":{"x":-28.328704833984376,"y":4.776827335357666,"z":-84.6552734375},"rotation":{"x":-0.168517604470253,"y":0.7766484618186951,"z":-0.2336374819278717,"w":-0.5602215528488159},"size":22.91062355041504,"orthographic":false}